,precision,recall,f1-score,support
0,0.889487870619946,0.8858145777410695,0.8876474239602731,4843.0
1,0.8740892531876139,0.8780878316559927,0.8760839799178457,4372.0
accuracy,0.8821486706456864,0.8821486706456864,0.8821486706456864,0.8821486706456864
macro avg,0.88178856190378,0.8819512046985312,0.8818657019390594,9215.0
weighted avg,0.8821820914105964,0.8821486706456864,0.8821612191470889,9215.0
