,precision,recall,f1-score,support
0,0.9207797594359187,0.9167871154243238,0.9187790998448008,4843.0
1,0.9082631459139541,0.9126258005489478,0.910439247005134,4372.0
accuracy,0.9148128052088985,0.9148128052088985,0.9148128052088985,0.9148128052088985
macro avg,0.9145214526749363,0.9147064579866357,0.9146091734249674,9215.0
weighted avg,0.9148413292332026,0.9148128052088985,0.9148223080254819,9215.0
