,precision,recall,f1-score,support
0,0.8892812629829664,0.8837737407101569,0.8865189480223649,4844.0
1,0.8720745285162463,0.8780599405170442,0.8750569995440036,4371.0
accuracy,0.8810634834508952,0.8810634834508952,0.8810634834508952,0.8810634834508952
macro avg,0.8806778957496064,0.8809168406136005,0.8807879737831843,9215.0
weighted avg,0.8811195010346176,0.8810634834508952,0.8810821409904694,9215.0
