,precision,recall,f1-score,support
0,0.9165976821192053,0.9143270024772915,0.9154609342703597,4844.0
1,0.9053159936116815,0.9078014184397163,0.9065570025131369,4371.0
accuracy,0.9112316874660878,0.9112316874660878,0.9112316874660878,0.9112316874660878
macro avg,0.9109568378654433,0.9110642104585038,0.9110089683917483,9215.0
weighted avg,0.9112463787587727,0.9112316874660878,0.9112374849257237,9215.0
