,precision,recall,f1-score,support
0,0.889120033284793,0.8823286540049546,0.8857113252512693,4844.0
1,0.8706896551724138,0.8780599405170442,0.8743592664312564,4371.0
accuracy,0.8803038524145415,0.8803038524145415,0.8803038524145415,0.8803038524145415
macro avg,0.8799048442286035,0.8801942972609994,0.8800352958412628,9215.0
weighted avg,0.8803778539327355,0.8803038524145415,0.8803266427659435,9215.0
