,precision,recall,f1-score,support
0,0.8883322897098727,0.8787941358661986,0.8835374714552626,4843.0
1,0.8673146473779385,0.8776303751143641,0.8724420190995907,4372.0
accuracy,0.8782419967444384,0.8782419967444384,0.8782419967444384,0.8782419967444384
macro avg,0.8778234685439056,0.8782122554902814,0.8779897452774267,9215.0
weighted avg,0.8783605987413197,0.8782419967444384,0.8782733024157622,9215.0
