,precision,recall,f1-score,support
0,0.9202072538860103,0.9167871154243238,0.9184940008274721,4843.0
1,0.9082004555808656,0.9119396157365051,0.9100661949326638,4372.0
accuracy,0.9144872490504612,0.9144872490504612,0.9144872490504612,0.9144872490504612
macro avg,0.9142038547334379,0.9143633655804144,0.914280097880068,9215.0
weighted avg,0.9145107023732494,0.9144872490504612,0.9144954802227947,9215.0
