,precision,recall,f1-score,support
0,0.9172185430463576,0.9149463253509497,0.9160810252170318,4844.0
1,0.9060004563084645,0.9084877602379319,0.9072424034726982,4371.0
accuracy,0.9118827997829626,0.9118827997829626,0.9118827997829626,0.9118827997829626
macro avg,0.9116094996774111,0.9117170427944408,0.9116617143448651,9215.0
weighted avg,0.9118974082518562,0.9118827997829626,0.9118885547184444,9215.0
