model,accuracy,precision,recall,f1,roc_auc
BERT_Logistic_val,0.9144872490504612,0.9082004555808656,0.9119396157365051,0.9100661949326638,0.9710255641035183
BERT_Logistic_test,0.9118827997829626,0.9060004563084645,0.9084877602379319,0.9072424034726982,0.971133121404286
BERT_RF_val,0.8782419967444384,0.8673146473779385,0.8776303751143641,0.8724420190995907,0.9560718217160656
BERT_RF_test,0.8803038524145415,0.8706896551724138,0.8780599405170442,0.8743592664312564,0.9551133786398265
