Model,Accuracy,Precision,Recall,F1,ROC_AUC
Logistic_Regression,0.9144624399772117,0.9071233810497614,0.913192657402642,0.9101479011712404,0.9716822865520965
Random_Forest,0.8811752258484578,0.8689410572538423,0.8826556870818322,0.8757446808510638,0.9564964580244836
